name,row,column,party,gender,district
Skårman Carl-Erik,0,0,m,Male,1
Romanus Gabriel,6,0,fp,Male,1
Odenberg Mikael,2,1,m,Male,1
Järrel Henrik S,0,0,m,Male,1
Lindgren Sylvia,7,9,s,Female,1
Ask Beatrice,2,2,m,Female,1
Hoffmann Ulla,0,7,v,Female,1
Nordlander Inger,6,8,s,Female,1
Ruwaida Yvonne,4,9,mp,Female,1
Könberg Bo,6,0,fp,Male,1
Attefall Stefan,4,0,kd,Male,1
Agenberg Tomas,7,9,s,Male,1
Papadopoulos Nikos,8,8,s,Male,1
Lilliehöök Anna,0,0,m,Female,1
Ohly Lars,0,9,v,Male,1
Höij Helena,4,0,kd,Female,1
Larsson Kalle,0,9,v,Male,1
Narti Ana Maria,6,0,fp,Female,1
Nordquist Kaj,7,9,s,Male,1
Rojas Mauricio,9,3,fp,Male,1
Hassan Maria,7,9,s,Female,1
Adelsohn Liljeroth Lena,0,0,m,Female,1
Vestlund Börje,6,9,s,Male,1
Carlsson i Tyresö Gunilla,0,2,m,Female,1
Frans Joe,7,9,s,Male,1
Sabuni Nyamko,9,0,fp,Female,1
Palm Veronica,7,9,s,Female,1
Ohlsson Birgitta,9,0,fp,Female,1
Fridolin Gustav,3,9,mp,Male,1
Johansson Anita,2,6,s,Female,2
Leijonborg Lars,9,0,fp,Male,2
Johansson Jan Emanuel,4,6,s,Male,2
Schyman Gudrun,0,9,No party,Female,2
Lejon Britta,7,9,s,Female,2
Odell Mats,0,4,kd,Male,2
Lennmarker Göran,0,0,m,Male,2
Davidson Inger,0,4,kd,Female,2
Hamilton Björn,0,0,m,Male,2
Reinfeldt Fredrik,2,4,m,Male,2
Pilsäter Karin,9,3,fp,Female,2
Rask Ola,7,9,s,Male,2
Lindberg Niclas,7,9,s,Male,2
Arvidsson Eva,7,9,s,Female,2
Osman Sherifay Mariam,7,9,s,Female,2
Moberg Carina,1,6,s,Female,2
Axelsson Christina,7,9,s,Female,2
de Pourbaix-Lundin Marietta,2,0,m,Female,2
Svensson Ingvar,4,0,kd,Male,2
Elmsäter-Svärd Catharina,0,1,m,Female,2
Beiming Cinnika,7,9,s,Female,2
Waidelich Tommy,9,5,s,Male,2
Westman Henrik,2,1,m,Male,2
Bargholtz Helena,6,1,fp,Female,2
Ångström Lars,4,9,mp,Male,2
Einarsson Mats,4,5,v,Male,2
Kerimo Yilmaz,7,9,s,Male,2
Enström Karin,0,0,m,Female,2
Hamilton Carl B,6,0,fp,Male,2
Andrén Gunnar,6,0,fp,Male,2
Özürküt Sermin,0,9,v,Female,2
Lundgren Kerstin,7,4,c,Female,2
Lundström Nina,6,0,fp,Female,2
Björling Ewa,2,4,m,Female,2
Engström Hillevi,0,2,m,Female,2
Valtersson Mikaela,4,9,mp,Female,2
Andreasson Martin,6,0,fp,Male,2
Franzén Mia,7,1,fp,Female,2
Damberg Mikael,7,9,s,Male,2
Hedquist Lennart,0,0,m,Male,3
Burman Ingrid,0,6,v,Female,3
Stenmark Rigmor,7,3,c,Female,3
Tingsgård Tone,7,9,s,Female,3
Bill Per,0,0,m,Male,3
Tesfazion Rezene,7,9,s,Male,3
Berglind Mats,7,9,s,Male,3
Oscarsson Mikael,3,2,kd,Male,3
Domeij Åsa,4,6,mp,Female,3
Gille Agneta,7,9,s,Female,3
Wikström Cecilia,9,1,fp,Female,3
Ullenhag Erik,6,0,fp,Male,3
Westerberg Per,0,0,m,Male,4
Furustrand Reynoldh,9,9,s,Male,4
Hagberg Michael,7,9,s,Male,4
Bjurling Laila,7,9,s,Female,4
Markström Elisebeht,7,8,s,Female,4
von der Esch Björn,4,0,kd,Male,4
Olovsson Fredrik,7,9,s,Male,4
Ericson Gunvor G,4,9,mp,Female,4
Linna Elina,0,8,v,Female,4
Hagberg Liselott,6,1,fp,Female,4
Tiefensee Roger,7,3,c,Male,4
Hagfeldt Stefan,2,0,m,Male,5
Karlsson Sonia,7,9,s,Female,5
Danestig Britt-Marie,0,9,v,Female,5
Öhman Conny,7,9,s,Male,5
Sköldestig Berndt,7,9,s,Male,5
Hillar Rosenqvist Helena,4,9,mp,Female,5
Andersson Yvonne,0,4,kd,Female,5
Danielsson Staffan,7,3,c,Male,5
Axén Gunnar,2,0,m,Male,5
Ludvigsson Anne,7,9,s,Female,5
Brus Sven,4,0,kd,Male,5
Lindgren Anna,0,0,m,Female,5
Darell Linnéa,6,0,fp,Female,5
Gustafsson Billy,7,9,s,Male,5
Malmström Louise,7,9,s,Female,5
Löfstrand Johan,6,6,s,Male,5
Granbom Karin,7,0,fp,Female,5
Andersson Magdalena,2,0,m,Female,6
Svensson Alf,4,1,kd,Male,6
Hägglund Göran,0,3,kd,Male,6
Nilsson Martin,7,9,s,Male,6
Sandgren Margareta,7,9,s,Female,6
Åström Alice,4,5,v,Female,6
Hägg Carina,7,9,s,Female,6
Andersson Margareta,7,3,c,Female,6
Wahlström Göte,9,5,s,Male,6
Larsson Maria,0,4,kd,Female,6
Petersson Helene,7,9,s,Female,6
Johansson Bengt-Anders,2,0,m,Male,6
Krantz Tobias,6,0,fp,Male,6
Högmark Anders G,0,0,m,Male,7
Erlandsson Eskil,7,4,c,Male,7
Eneroth Tomas,2,6,s,Male,7
Wegendal Lars,7,9,s,Male,7
Adolfsson Elgestam Carina,4,6,s,Female,7
Sandahl Olle,4,0,kd,Male,7
Nordmark Gunnar,6,1,fp,Male,7
Hansson Agne,7,4,c,Male,8
Pålsson Chatrine,4,0,kd,Female,8
Örnfjäder Krister,6,6,s,Male,8
Aurelius Nils Fredrik,0,0,m,Male,8
Beijer Lennart,0,7,v,Male,8
Ringman Agneta,8,8,s,Female,8
Fagerström Ann-Marie,6,7,s,Female,8
Juholt Håkan,7,9,s,Male,8
Thorén Sverker,6,0,fp,Male,8
Virgin Lilian,7,9,s,Female,9
Grönhagen Carina,7,9,s,Female,9
Skoog Christer,7,9,s,Male,10
Björkman Jan,7,9,s,Male,10
Johnsson Jeppe,0,2,m,Male,10
Gylling Johnny,4,0,kd,Male,10
Berg Heli,6,0,fp,Female,10
Andersson Kerstin,7,9,s,Female,10
Larsson Hillevi,7,9,s,Female,11
Astudillo Luciano,6,6,s,Male,11
Granlund Marie,7,9,s,Female,11
Lindkvist Britt-Marie,7,9,s,Female,11
Lundström Sten,0,9,v,Male,11
Jakobsson Leif,7,9,s,Male,11
Roslund Carl-Axel,0,0,m,Male,11
Widman Allan,6,0,fp,Male,11
Billström Tobias,2,0,m,Male,11
Nilsson Annika,4,6,s,Female,12
Lantz Kenneth,4,0,kd,Male,12
Husmark Pehrsson Cristina,0,0,m,Female,12
Karlsson Anders,7,9,s,Male,12
Härstedt Kent,7,9,s,Male,12
Stafilidis Tasso,0,9,v,Male,12
Hagberg Christin,7,9,s,Female,12
Acketoft Tina,9,3,fp,Female,12
Strandberg Torkild,7,0,fp,Male,12
Danielsson Peter,2,0,m,Male,12
Jönsson Anita,9,5,s,Female,13
Olander Ronny,9,5,s,Male,13
Persson Catherine,2,4,s,Female,13
Bernhardsson Bo,7,9,s,Male,13
Nilsson Ulf,6,0,fp,Male,13
Svensson Smith Karin,3,5,v,Female,13
Jarl Beck Inger,7,9,s,Female,13
Lindblad Lars,0,0,m,Male,13
Thalén Finné Ewa,0,0,m,Female,13
Althin Peter,4,0,kd,Male,13
Pålsson Anne-Marie,0,0,m,Female,13
Wahlgren Marie,6,0,fp,Female,13
Holm Ulf,2,9,mp,Male,13
Linander Johan,5,3,c,Male,13
Ekendahl Maud,0,0,m,Female,14
Skånberg Tuve,3,2,kd,Male,14
Wester Ulla,7,9,s,Female,14
Sjöstrand Sven-Erik,0,8,v,Male,14
Bengtsson Anders,7,9,s,Male,14
Nylander Christer,6,0,fp,Male,14
Engle Kerstin,7,9,s,Female,14
Ericson Lars-Ivar,7,3,c,Male,14
Pålsson Margareta,0,0,m,Female,14
Persson i Simrishamn Göran,9,9,s,Male,14
Adelsbo Christer,7,9,s,Male,14
Eriksson Alf,7,9,s,Male,15
Westerlund Panke Majléne,7,9,s,Female,15
Sahlberg Pär Axel,7,9,s,Male,15
Hoff Hans,7,9,s,Male,15
Kollmats Lennart,6,0,fp,Male,15
Karlsson Kjell-Erik,0,9,v,Male,15
Gustafsson Lars,4,0,kd,Male,15
Ertsborn Jan,9,3,fp,Male,15
Brodén Anne Marie,0,0,m,Female,15
Andersson Jan,7,4,c,Male,15
von Sydow Henrik,2,0,m,Male,15
Carlström Marianne,7,9,s,Female,16
Bager Erling,9,3,fp,Male,16
Olsson Rolf,0,9,v,Male,16
Brandin Claes-Göran,7,9,s,Male,16
Flyborg Eva,6,0,fp,Female,16
Wittgren-Ahl Siw,7,9,s,Female,16
Lindblad Göran,0,0,m,Male,16
Sidén Anita,0,0,m,Female,16
Jóhannesson Berit,0,8,v,Female,16
Landgren Per,4,0,kd,Male,16
Magnusson Cecilia,0,0,m,Female,16
Roxbergh Claes,3,7,mp,Male,16
Enochson Annelie,4,0,kd,Female,16
Lindén Rolf,7,9,s,Male,16
Johansson Lars,7,9,s,Male,16
Carlsson i Hisings Backa Gunilla,7,9,s,Female,16
Wigström Cecilia,6,0,fp,Female,16
Darvik Axel,9,1,fp,Male,16
Nilsson Lennart,7,9,s,Male,17
Bäckström Lars,0,7,v,Male,17
René Inger,2,0,m,Female,17
Olsson Kent,1,0,m,Male,17
Berglund Nilsson Mona,2,6,s,Female,17
Runegrund Rosita,4,0,kd,Female,17
Torstensson Åsa,5,3,c,Female,17
Larsson Jan-Olof,7,9,s,Male,17
Aronson Marita,7,0,fp,Female,17
Jönsson Mona,2,4,mp,Female,17
Tysklind Lars,9,3,fp,Male,17
Bråkenhielm Catharina,7,9,s,Female,17
Forslund Kenneth G,7,9,s,Male,17
Bohlin Olsson Britt,7,9,s,Female,18
Feltzing Barbro,2,9,mp,Female,18
Söderqvist Nils-Erik,7,9,s,Male,18
Nyström Elizabeth,0,0,m,Female,18
Vänerlöv Ingemar,2,4,kd,Male,18
Nenes Christina,7,9,s,Female,18
Dinamarca Rossana,0,6,v,Female,18
Brodén Anita,9,3,fp,Female,18
Jonsson Peter,7,9,s,Male,18
Qarlsson Annika,7,3,c,Female,18
Kjörnsberg Arne,9,9,s,Male,19
Ekholm Berndt,6,9,s,Male,19
Fransson Sonja,2,4,s,Female,19
Ekström Anne-Marie,9,0,fp,Female,19
Lindgren Else-Marie,4,0,kd,Female,19
Sjösten Ulf,1,0,m,Male,19
Västerteg Claes,3,4,c,Male,19
Nordström Kjell,7,9,s,Male,20
Carlsson Birgitta,7,3,c,Female,20
Gustafsson Holger,4,0,kd,Male,20
Rosengren Per,1,9,v,Male,20
Green Monica,7,9,s,Female,20
Ahlin Urban,7,9,s,Male,20
Ohlsson Carina,7,9,s,Female,20
Winbäck Christer,6,0,fp,Male,20
Widegren Cecilia,0,0,m,Female,20
Lander Jarl,7,9,s,Male,21
Johansson Ann-Kristine,7,9,s,Female,21
Engström Marie,0,8,v,Female,21
Pettersson Marina,7,9,s,Female,21
Gerdin Viviann,7,3,c,Female,21
Patriksson Runar,6,1,fp,Male,21
Kihlström Dan,4,1,kd,Male,21
Rådhström Jan-Evert,0,0,m,Male,21
Björnlod Leif,2,8,mp,Male,21
Ternemar Tommy,7,9,s,Male,21
Högman Berit,4,6,s,Female,21
Lundberg Inger,7,9,s,Female,22
Holmqvist Nils-Göran,7,9,s,Male,22
Frisk Helena,6,6,s,Female,22
Tolgfors Sten,2,0,m,Male,22
Pedersen Peter,0,8,v,Male,22
Johansson Mikael,4,9,mp,Male,22
Pehrson Johan,6,0,fp,Male,22
Larsen Sofia,7,3,c,Female,22
Axelsson Lennart,7,9,s,Male,22
Persson Sven Gunnar,4,0,kd,Male,22
Ernkrans Matilda,7,9,s,Female,22
Magnusson Göran,7,9,s,Male,23
Israelsson Margareta,8,9,s,Female,23
Heinemann Kerstin,6,0,fp,Female,23
Högström Tomas,0,0,m,Male,23
Nilsson Pia,7,9,s,Female,23
Ytterberg Mariann,9,5,s,Female,23
Vallius Paavo,7,9,s,Male,23
Johansson Jörgen,7,3,c,Male,23
Thorborg Karin,0,8,v,Female,23
Lindström Torsten,4,0,kd,Male,23
Granström Per Erik,9,9,s,Male,24
Hietala Nordlund Barbro,2,4,s,Female,24
Gunnarsson Rolf,0,0,m,Male,24
Fremling Lennart,9,0,fp,Male,24
Johansson Kenneth,5,3,c,Male,24
Lindholm Jan,2,9,mp,Male,24
Ulvskog Marita,3,7,s,Female,24
Kvarnström Kurt,7,9,s,Male,24
Wiklund Anders,1,9,v,Male,24
Lindgren Ulrik,4,2,kd,Male,24
Särnblad Anneli,7,9,s,Female,24
Bohlin Sinikka,7,9,s,Female,25
Norinder Patrik,2,0,m,Male,25
Högström Kenth,6,6,s,Male,25
Hellberg Owe,1,9,v,Male,25
Bergström Sven,7,3,c,Male,25
Pärssinen Raimo,9,9,s,Male,25
Svensson Per-Olof,7,9,s,Male,25
Marcelind Ragnwi,4,0,kd,Female,25
Hedström Lotta,3,8,mp,Female,25
Lindestam Åsa,7,9,s,Female,25
Backman Hans,6,0,fp,Male,25
Stenberg Hans,7,9,s,Male,26
Lundberg Agneta,7,9,s,Female,26
Eberstein Susanne,7,9,s,Female,26
Kristiansson Karlstedt Kerstin,9,5,s,Female,26
Norlander Göran,7,9,s,Male,26
Sellén Birgitta,7,3,c,Female,26
Wahlén Gunilla,0,9,v,Female,26
Lindén Lars,4,0,kd,Male,26
Hellquist Solveig,6,0,fp,Female,26
Kjellberg Bertil,0,0,m,Male,26
Sandberg Gunnar,7,9,s,Male,27
Berglund Rune,7,9,s,Male,27
Nordén Marie,7,8,s,Female,27
Sundell Ola,0,0,m,Male,27
Sköld Jansson Camilla,0,8,v,Female,27
Larsson Håkan,7,3,c,Male,27
Lundberg Carin,7,9,s,Female,28
Rådström Britta,4,6,s,Female,28
Lilja Lars,6,6,s,Male,28
Gustavsson Lennart,0,9,v,Male,28
Ångström Yvonne,9,0,fp,Female,28
Abramsson Karl Gustav,5,8,s,Male,28
Tjernberg Gunilla,4,0,kd,Female,28
Löfgren Ulla,1,2,m,Female,28
Saarinen Ingegerd,2,4,mp,Female,28
Wibe Sören,8,7,s,Male,28
Olofsson Maud,2,4,c,Female,28
Klockare Lennart,7,9,s,Male,29
Zakrisson Kristina,7,9,s,Female,29
Ahlqvist Birgitta,7,9,s,Female,29
Holma Siv,0,9,v,Female,29
Eriksson Peter,4,9,mp,Male,29
Wälivaara Erling,4,0,kd,Male,29
Åström Karin,7,9,s,Female,29
Gidblom Birgitta,7,9,s,Female,29
Öberg Maria,7,9,s,Female,29
Hammarbergh Krister,0,0,m,Male,29
Grönlund Krantz Anna,6,0,fp,Female,29
